Stock Name,Price,Volume
GME,185.5,10167093
TSLA,662.1599731445312,28571198
SPY,389.5,81478917
PLTR,23.260000228881836,48568412
MSFT,237.5800018310547,30686109
PB,74.1500015258789,301634
DCF,9.289999961853027,22040
AAPL,122.54000091552734,93726645
AMC,10.65999984741211,77946106
AMD,78.37999725341797,39218079
AMZN,3137.5,3540586
CRM,215.0,4467861
TD,64.93000030517578,1386260
RKT,23.040000915527344,17837567
DDOG,85.16999816894531,2683163
CRWD,190.60000610351562,4172534
FROG,50.529998779296875,738057
TEAM,222.9199981689453,909485
UPST,118.4800033569336,11746202
ATH,52.060001373291016,2255333
BB,10.069999694824219,12017672
ET,7.71999979019165,26432625
NIO,41.18000030517578,55976334
OI,11.84000015258789,769928
PEG,58.31999969482422,1793022
INTC,63.47999954223633,30114050
AI,70.51000213623047,4724729
CRSR,31.479999542236328,1173971
ADBE,460.20001220703125,4761012
PM,88.05000305175781,3954828
ODFL,231.64999389648438,853432
NI,23.520000457763672,3888100
GCP,23.829999923706055,137593
TKAT,53.79999923706055,26130549
LMT,353.6099853515625,1258053
VZ,56.90999984741211,19366287
MCD,224.3699951171875,2423756
GOOGL,2041.3299560546875,1306351
FB,290.6300048828125,21838703
NFLX,535.0900268554688,5270817
DE,357.489990234375,2783866
BABA,237.6699981689453,11462367
MA,355.2699890136719,3532237
PTON,113.3499984741211,9009261
DASH,131.75999450683594,1847759
GE,12.65999984741211,65132854
UI,342.9800109863281,95626
JACK,112.08999633789062,497314
APHA,18.1200008392334,15383963
UWMC,8.4399995803833,5110020
HD,289.9800109863281,4649111
III,4.050000190734863,599383
LOW,180.39999389648438,2978304
TER,113.12000274658203,2709695
ABBV,104.83999633789062,6047412
TSM,114.88999938964844,7866674
TTM,20.670000076293945,1407414
CBD,5.320000171661377,2897635
BC,94.01000213623047,590222
XOM,55.220001220703125,32364170
DKNG,69.75,12376012
BA,241.25,21163206
GM,56.15999984741211,21087717
VIAC,91.25,37419610
RUN,56.150001525878906,7387502
AMRS,21.15999984741211,4018171
ARE,165.88999938964844,723657
BY,19.950000762939453,75816
AM,8.550000190734863,3626489
RBLX,68.0,4362013
ON,38.58000183105469,6855857
FI,3.5199999809265137,1913401
MAR,142.4199981689453,3841976
CC,25.030000686645508,1916205
MU,85.4000015258789,31356553
HE,42.36000061035156,643325
NOK,3.9800000190734863,33191546
CPA,82.08000183105469,540142
NLY,8.8100004196167,13899500
OR,11.229999542236328,635891
GS,331.7699890136719,2426319
OCG,11.119999885559082,20161204
SGA,22.860000610351562,6022
EA,133.0500030517578,2493433
TTWO,173.85000610351562,1544354
LOGI,105.76000213623047,888269
TFSA,25.725000381469727,1000
XPEV,36.33000183105469,11681618
CO,4.690000057220459,198744
NAV,44.029998779296875,790334
JMIA,38.66999816894531,6363159
SD,3.940000057220459,411249
JP,2.440000057220459,48115
AG,15.850000381469727,4029556
JPM,149.4600067138672,16396671
UUUU,5.980000019073486,4179663
MSCI,420.760009765625,269109
NMCI,9.670000076293945,760255
BNGO,8.369999885559082,17241769
COO,383.3399963378906,192337
CMO,6.340000152587891,1318966
SC,26.399999618530273,1105554
MD,26.59000015258789,805970
FLGT,108.55000305175781,1149897
TWST,131.17999267578125,774290
NEO,48.720001220703125,725117
SV,9.880000114440918,493626
ESP,16.309999465942383,13806
NGS,8.5600004196167,49333
IDRA,1.5299999713897705,11317694
ZOM,1.7999999523162842,99405223
KSU,246.85000610351562,3391858
CSX,92.91999816894531,3196526
CP,353.989990234375,1724135
JNJ,160.35000610351562,6085104
NVDA,522.8300170898438,5461027
IBKR,76.23999786376953,458957
FT,7.449999809265137,34315
STMP,190.75,174177
MP,36.900001525878906,19685969
XPO,116.79000091552734,1041490
YELL,7.809999942779541,1382021
ABNB,187.13999938964844,3423634
GOOG,2052.9599609375,1169350
MS,79.12000274658203,9155872
FANG,72.12999725341797,3233552
TGB,1.649999976158142,1289110
NPV,16.174999237060547,6097
IRR,3.0299999713897705,37086
DIS,190.74000549316406,3058702
MUFG,5.809999942779541,359532
MAX,44.2400016784668,134593
CROX,78.94879913330078,256845
SBUX,106.62000274658203,1383534
MO,51.369998931884766,3279651
QCOM,133.6199951171875,1829951
WM,123.98999786376953,544295
AZN,49.53499984741211,4452530
BIDU,252.74000549316406,4625829
BILI,106.3499984741211,1988976
TME,31.899999618530273,10792574
APO,49.06999969482422,1011871
DISCA,70.83999633789062,4317351
UBS,15.864999771118164,1090819
PFE,35.45000076293945,8594520
BNTX,103.43000030517578,555189
API,58.51499938964844,287484
IPOF,11.0516996383667,1669151
RC,13.720000267028809,240034
SPCE,30.610000610351562,4004533
CAN,21.113100051879883,12272189
CM,100.16999816894531,141493
BYND,137.1300048828125,759459
DOCU,208.84500122070312,441962
STWD,24.61989974975586,454412
UNFI,34.32500076293945,328661
PBR,8.359999656677246,7929599
DL,,
POST,104.97000122070312,38334
PYPL,245.82000732421875,1556946
AAL,22.559999465942383,21964187
AA,27.93000030517578,3514782
DAL,46.650001525878906,4688107
LUV,58.689998626708984,2463692
JBLU,19.299999237060547,7769287
SNDL,1.1894999742507935,117401826
RE,241.30499267578125,61891
TELL,2.5199999809265137,2711099
IRS,3.900099992752075,15791
TX,35.630001068115234,226540
IVR,3.944999933242798,2012913
MITT,4.244999885559082,409633
JOE,46.61000061035156,37255
SHO,12.609999656677246,422871
NMS,14.699999809265137,6383
TXT,53.209999084472656,162645
WKHS,14.960000038146973,4861890
JEF,33.494998931884766,303183
PDT,14.050100326538086,11270
EE,,
LAC,15.819999694824219,855112
FL,56.4900016784668,294142
OGI,3.6131999492645264,5442669
POSH,45.34000015258789,184707
VIE,,
WKEY,11.25,3680515
ZKIN,12.430000305175781,4782507
ETH,27.520000457763672,159106
LTC,42.59000015258789,39716
KMI,15.779999732971191,4875922
GERN,1.7000000476837158,1565302
OCSL,6.170000076293945,231524
TU,20.940000534057617,236692
TGA,1.5800000429153442,220783
PDAC,11.281499862670898,214023
SRI,33.32500076293945,26441
CLVR,13.050000190734863,178746
ACB,9.379400253295898,3926893
CGC,32.650001525878906,786709
VC,124.86499786376953,41215
PAI,nan,nan
TUSK,4.800000190734863,37228
HAL,21.059999465942383,2461558
ARRY,29.09000015258789,1129284
BX,73.47000122070312,312650
AB,40.779998779296875,197262
GOEV,15.270000457763672,1026609
GOEVW,5.012700080871582,64247
LNG,71.19499969482422,299060
WOOF,22.219999313354492,391537
SAP,122.51000213623047,227670
CIO,10.34000015258789,49831
PSX,79.49500274658203,785266
UPS,160.60000610351562,830887
ELY,28.049999237060547,289364
CME,198.28500366210938,343013
TDA,25.1299991607666,2151
LMND,96.81999969482422,575674
TAST,6.460000038146973,77765
BK,44.70000076293945,945760
CUK,21.959999084472656,1012095
NCLH,27.08989906311035,9340660
POWW,6.230100154876709,958529
GB,12.550000190734863,412
VOD,18.7549991607666,1860565
PT,1.2999999523162842,230527
SAIA,214.0399932861328,16753
FWRD,86.20999908447266,11999
MMM,191.02999877929688,801833
APD,277.2099914550781,380255
AXP,137.38999938964844,1152914
BAC,37.275001525878906,15777028
BMY,62.900001525878906,3865455
KO,51.253299713134766,4441672
DLR,138.30999755859375,217804
ENB,36.189998626708984,850557
GH,144.14999389648438,131291
HON,210.69000244140625,418918
KHC,39.255001068115234,1557099
MRK,76.55000305175781,3240093
NSC,259.3500061035156,270526
PEP,139.33999633789062,1885994
PG,131.4149932861328,2114334
RTX,75.97000122070312,1753295
STAG,33.5099983215332,343325
USB,53.77000045776367,2506342
VLO,71.28079986572266,1089661
WPC,70.12000274658203,133869
CVX,102.66000366210938,4037915
MAIN,38.18000030517578,98054
BDN,12.795000076293945,406750
PSEC,7.739999771118164,934759
TXN,180.55999755859375,1172148
FMAC,10.055000305175781,212655
CPS,35.5,20888
NET,73.08000183105469,620205
FSLY,70.54000091552734,626056
ABB,31.459999084472656,617562
SNOW,224.50999450683594,1397867
DM,19.100000381469727,1035416
AONE,12.069999694824219,387477
DMYI,10.75,171060
ASML,569.030029296875,258751
CRSP,126.80500030517578,818760
BEAM,90.77999877929688,174980
PTC,131.8249969482422,144330
SQ,225.06300354003906,1724057
STPK,27.729999542236328,807312
TDOC,196.15499877929688,752741
SE,217.2899932861328,997193
HPQ,30.28499984741211,2101570
PLM,3.25,165656
AR,9.324999809265137,2716925
CODX,13.829999923706055,298876
NKE,140.25999450683594,1682981
WMT,132.5,2844212
TLRY,22.780000686645508,7706746
SPNV,10.180000305175781,499553
TA,26.260000228881836,32044
CCS,60.599998474121094,47510
SUMO,19.315000534057617,696334
SPLK,140.0,585024
YY,112.47000122070312,132752
NOV,13.875,1466467
TY,31.700000762939453,7897
FEYE,20.40999984741211,883973
RPD,79.6050033569336,262948
HR,30.600000381469727,212257
DTE,127.9800033569336,86400
JD,83.83000183105469,3074594
EW,80.5,594709
HL,6.1528000831604,2030840
CLOV,8.420000076293945,1529129
WWE,57.029998779296875,80008
ASO,24.920000076293945,266854
SO,59.91999816894531,667347
CCIV,25.309999465942383,7020573
MVIS,16.790000915527344,4409900
NNDM,9.399999618530273,7851190
TSN,74.12999725341797,527076
QS,58.08000183105469,7603393
MIK,21.899999618530273,1343139
AN,87.04000091552734,113276
SKLZ,24.3799991607666,4542059
PI,59.26620101928711,30979
ITT,86.09249877929688,64802
ASC,4.675000190734863,130092
RS,143.05999755859375,77651
AXSM,61.150001525878906,111426
DTIL,10.654999732971191,191649
SGMO,13.020000457763672,533560
CLVS,6.934999942779541,7558745
XL,11.220000267028809,1024234
TOUR,4.006199836730957,1490749
WW,31.878999710083008,155466
BIGC,55.29999923706055,272291
CUZ,34.7400016784668,100646
PLAY,43.2400016784668,381816
PENN,114.13500213623047,2384263
GPRO,12.845000267028809,1706211
CS,13.0,922389
DB,12.399999618530273,1176000
CCJ,16.989999771118164,2934305
